{
  "n10_h1_a10000": [
    1.0,
    2.08,
    0.9199999999999999,
    0.18266666666666664,
    0.020666666666666667
  ],
  "n10_h1_a20000": [
    1.0,
    2.07,
    0.93,
    0.18066666666666664,
    0.020166666666666666
  ],
  "n10_h1_a30000": [
    1.0,
    2.06,
    0.94,
    0.17866666666666667,
    0.019666666666666666
  ],
  "n10_h2_a10000": [
    1.0,
    2.08,
    0.9199999999999999,
    0.18266666666666664,
    0.020666666666666667
  ],
  "n10_h2_a20000": [
    1.0,
    2.07,
    0.93,
    0.18066666666666664,
    0.020166666666666666
  ],
  "n10_h2_a30000": [
    1.0,
    2.06,
    0.94,
    0.17866666666666667,
    0.019666666666666666
  ],
  "n10_h3_a10000": [
    1.0,
    2.08,
    0.9199999999999999,
    0.18266666666666664,
    0.020666666666666667
  ],
  "n10_h3_a20000": [
    1.0,
    2.07,
    0.93,
    0.18066666666666664,
    0.020166666666666666
  ],
  "n10_h3_a30000": [
    1.0,
    2.06,
    0.94,
    0.17866666666666667,
    0.019666666666666666
  ],
  "n20_h1_a10000": [
    1.0,
    2.07,
    0.9299999999999999,
    0.18066666666666667,
    0.020166666666666666
  ],
  "n20_h1_a20000": [
    1.0,
    2.06,
    0.94,
    0.17866666666666667,
    0.019666666666666666
  ],
  "n20_h1_a30000": [
    1.0,
    2.05,
    0.95,
    0.17666666666666667,
    0.019166666666666665
  ],
  "n20_h2_a10000": [
    1.0,
    2.07,
    0.9299999999999999,
    0.18066666666666667,
    0.020166666666666666
  ],
  "n20_h2_a20000": [
    1.0,
    2.06,
    0.94,
    0.17866666666666667,
    0.019666666666666666
  ],
  "n20_h2_a30000": [
    1.0,
    2.05,
    0.95,
    0.17666666666666667,
    0.019166666666666665
  ],
  "n20_h3_a10000": [
    1.0,
    2.07,
    0.9299999999999999,
    0.18066666666666667,
    0.020166666666666666
  ],
  "n20_h3_a20000": [
    1.0,
    2.06,
    0.94,
    0.17866666666666667,
    0.019666666666666666
  ],
  "n20_h3_a30000": [
    1.0,
    2.05,
    0.95,
    0.17666666666666667,
    0.019166666666666665
  ],
  "n30_h1_a10000": [
    1.0,
    2.06,
    0.94,
    0.17866666666666667,
    0.019666666666666666
  ],
  "n30_h1_a20000": [
    1.0,
    2.05,
    0.95,
    0.17666666666666667,
    0.019166666666666665
  ],
  "n30_h1_a30000": [
    1.0,
    2.04,
    0.96,
    0.17466666666666666,
    0.018666666666666665
  ],
  "n30_h2_a10000": [
    1.0,
    2.06,
    0.94,
    0.17866666666666667,
    0.019666666666666666
  ],
  "n30_h2_a20000": [
    1.0,
    2.05,
    0.95,
    0.17666666666666667,
    0.019166666666666665
  ],
  "n30_h2_a30000": [
    1.0,
    2.04,
    0.96,
    0.17466666666666666,
    0.018666666666666665
  ],
  "n30_h3_a10000": [
    1.0,
    2.06,
    0.94,
    0.17866666666666667,
    0.019666666666666666
  ],
  "n30_h3_a20000": [
    1.0,
    2.05,
    0.95,
    0.17666666666666667,
    0.019166666666666665
  ],
  "n30_h3_a30000": [
    1.0,
    2.04,
    0.96,
    0.17466666666666666,
    0.018666666666666665
  ],
  "n40_h1_a10000": [
    1.0,
    2.05,
    0.95,
    0.17666666666666667,
    0.019166666666666665
  ],
  "n40_h1_a20000": [
    1.0,
    2.04,
    0.96,
    0.17466666666666666,
    0.018666666666666665
  ],
  "n40_h1_a30000": [
    1.0,
    2.03,
    0.97,
    0.17266666666666666,
    0.018166666666666668
  ],
  "n40_h2_a10000": [
    1.0,
    2.05,
    0.95,
    0.17666666666666667,
    0.019166666666666665
  ],
  "n40_h2_a20000": [
    1.0,
    2.04,
    0.96,
    0.17466666666666666,
    0.018666666666666665
  ],
  "n40_h2_a30000": [
    1.0,
    2.03,
    0.97,
    0.17266666666666666,
    0.018166666666666668
  ],
  "n40_h3_a10000": [
    1.0,
    2.05,
    0.95,
    0.17666666666666667,
    0.019166666666666665
  ],
  "n40_h3_a20000": [
    1.0,
    2.04,
    0.96,
    0.17466666666666666,
    0.018666666666666665
  ],
  "n40_h3_a30000": [
    1.0,
    2.03,
    0.97,
    0.17266666666666666,
    0.018166666666666668
  ],
  "n50_h1_a10000": [
    1.0,
    2.04,
    0.96,
    0.17466666666666666,
    0.018666666666666665
  ],
  "n50_h1_a20000": [
    1.0,
    2.03,
    0.97,
    0.17266666666666666,
    0.018166666666666668
  ],
  "n50_h1_a30000": [
    1.0,
    2.02,
    0.98,
    0.17066666666666666,
    0.017666666666666667
  ],
  "n50_h2_a10000": [
    1.0,
    2.04,
    0.96,
    0.17466666666666666,
    0.018666666666666665
  ],
  "n50_h2_a20000": [
    1.0,
    2.03,
    0.97,
    0.17266666666666666,
    0.018166666666666668
  ],
  "n50_h2_a30000": [
    1.0,
    2.02,
    0.98,
    0.17066666666666666,
    0.017666666666666667
  ],
  "n50_h3_a10000": [
    1.0,
    2.04,
    0.96,
    0.17466666666666666,
    0.018666666666666665
  ],
  "n50_h3_a20000": [
    1.0,
    2.03,
    0.97,
    0.17266666666666666,
    0.018166666666666668
  ],
  "n50_h3_a30000": [
    1.0,
    2.02,
    0.98,
    0.17066666666666666,
    0.017666666666666667
  ]
}